{"best_metric": 0.8581081081081081, "best_model_checkpoint": "../../models/subtask2/2024-07-13_00-48-02/checkpoint-162", "epoch": 5.864253393665159, "eval_steps": 500, "global_step": 162, "is_hyper_param_search": false, "is_local_process_zero": true, "is_world_process_zero": true, "log_history": [{"epoch": 0.9773755656108597, "eval_Abbreviation": {"f1": 0.0, "number": 15, "precision": 0.0, "recall": 0.0}, "eval_AlternativeName": {"f1": 0.0, "number": 10, "precision": 0.0, "recall": 0.0}, "eval_Citation": {"f1": 0.8000000000000002, "number": 130, "precision": 0.6888888888888889, "recall": 0.9538461538461539}, "eval_Developer": {"f1": 0.0, "number": 155, "precision": 0.0, "recall": 0.0}, "eval_Extension": {"f1": 0.0, "number": 10, "precision": 0.0, "recall": 0.0}, "eval_License": {"f1": 0.0, "number": 9, "precision": 0.0, "recall": 0.0}, "eval_Release": {"f1": 0.0, "number": 16, "precision": 0.0, "recall": 0.0}, "eval_URL": {"f1": 0.0, "number": 80, "precision": 0.0, "recall": 0.0}, "eval_Version": {"f1": 0.8756218905472637, "number": 285, "precision": 0.8301886792452831, "recall": 0.9263157894736842}, "eval_loss": 0.2251565158367157, "eval_overall_accuracy": 0.9569469217049019, "eval_overall_f1": 0.642384105960265, "eval_overall_precision": 0.7791164658634538, "eval_overall_recall": 0.5464788732394367, "eval_runtime": 1.6548, "eval_samples_per_second": 355.936, "eval_steps_per_second": 44.719, "step": 27}, {"epoch": 1.990950226244344, "eval_Abbreviation": {"f1": 0.0, "number": 15, "precision": 0.0, "recall": 0.0}, "eval_AlternativeName": {"f1": 0.0, "number": 10, "precision": 0.0, "recall": 0.0}, "eval_Citation": {"f1": 0.8280701754385965, "number": 130, "precision": 0.7612903225806451, "recall": 0.9076923076923077}, "eval_Developer": {"f1": 0.6971428571428572, "number": 155, "precision": 0.6256410256410256, "recall": 0.7870967741935484}, "eval_Extension": {"f1": 0.0, "number": 10, "precision": 0.0, "recall": 0.0}, "eval_License": {"f1": 0.0, "number": 9, "precision": 0.0, "recall": 0.0}, "eval_Release": {"f1": 0.0, "number": 16, "precision": 0.0, "recall": 0.0}, "eval_URL": {"f1": 0.9559748427672956, "number": 80, "precision": 0.9620253164556962, "recall": 0.95}, "eval_Version": {"f1": 0.9230769230769231, "number": 285, "precision": 0.9, "recall": 0.9473684210526315}, "eval_loss": 0.089048832654953, "eval_overall_accuracy": 0.9811181499477213, "eval_overall_f1": 0.8144544822793607, "eval_overall_precision": 0.803840877914952, "eval_overall_recall": 0.8253521126760563, "eval_runtime": 1.6032, "eval_samples_per_second": 367.387, "eval_steps_per_second": 46.157, "step": 55}, {"epoch": 2.9683257918552037, "eval_Abbreviation": {"f1": 0.0, "number": 15, "precision": 0.0, "recall": 0.0}, "eval_AlternativeName": {"f1": 0.0, "number": 10, "precision": 0.0, "recall": 0.0}, "eval_Citation": {"f1": 0.8251748251748253, "number": 130, "precision": 0.7564102564102564, "recall": 0.9076923076923077}, "eval_Developer": {"f1": 0.75, "number": 155, "precision": 0.6961325966850829, "recall": 0.8129032258064516}, "eval_Extension": {"f1": 0.0, "number": 10, "precision": 0.0, "recall": 0.0}, "eval_License": {"f1": 0.0, "number": 9, "precision": 0.0, "recall": 0.0}, "eval_Release": {"f1": 0.3636363636363636, "number": 16, "precision": 0.35294117647058826, "recall": 0.375}, "eval_URL": {"f1": 0.9440993788819876, "number": 80, "precision": 0.9382716049382716, "recall": 0.95}, "eval_Version": {"f1": 0.9257340241796201, "number": 285, "precision": 0.9115646258503401, "recall": 0.9403508771929825}, "eval_loss": 0.07055159658193588, "eval_overall_accuracy": 0.9832708038624761, "eval_overall_f1": 0.8221453287197231, "eval_overall_precision": 0.8081632653061225, "eval_overall_recall": 0.8366197183098592, "eval_runtime": 1.6538, "eval_samples_per_second": 356.154, "eval_steps_per_second": 44.746, "step": 82}, {"epoch": 3.981900452488688, "eval_Abbreviation": {"f1": 0.5217391304347827, "number": 15, "precision": 0.75, "recall": 0.4}, "eval_AlternativeName": {"f1": 0.0, "number": 10, "precision": 0.0, "recall": 0.0}, "eval_Citation": {"f1": 0.8339483394833948, "number": 130, "precision": 0.8014184397163121, "recall": 0.8692307692307693}, "eval_Developer": {"f1": 0.7882352941176471, "number": 155, "precision": 0.7243243243243244, "recall": 0.864516129032258}, "eval_Extension": {"f1": 0.6666666666666666, "number": 10, "precision": 1.0, "recall": 0.5}, "eval_License": {"f1": 0.4210526315789474, "number": 9, "precision": 0.4, "recall": 0.4444444444444444}, "eval_Release": {"f1": 0.4, "number": 16, "precision": 0.3333333333333333, "recall": 0.5}, "eval_URL": {"f1": 0.9440993788819876, "number": 80, "precision": 0.9382716049382716, "recall": 0.95}, "eval_Version": {"f1": 0.9385665529010239, "number": 285, "precision": 0.9136212624584718, "recall": 0.9649122807017544}, "eval_loss": 0.05492894724011421, "eval_overall_accuracy": 0.9867765545236484, "eval_overall_f1": 0.8431771894093686, "eval_overall_precision": 0.8138925294888598, "eval_overall_recall": 0.8746478873239436, "eval_runtime": 1.5752, "eval_samples_per_second": 373.931, "eval_steps_per_second": 46.979, "step": 110}, {"epoch": 4.995475113122172, "eval_Abbreviation": {"f1": 0.5384615384615385, "number": 15, "precision": 0.6363636363636364, "recall": 0.4666666666666667}, "eval_AlternativeName": {"f1": 0.25, "number": 10, "precision": 0.3333333333333333, "recall": 0.2}, "eval_Citation": {"f1": 0.8654545454545454, "number": 130, "precision": 0.8206896551724138, "recall": 0.9153846153846154}, "eval_Developer": {"f1": 0.8072289156626505, "number": 155, "precision": 0.7570621468926554, "recall": 0.864516129032258}, "eval_Extension": {"f1": 0.6666666666666666, "number": 10, "precision": 1.0, "recall": 0.5}, "eval_License": {"f1": 0.4210526315789474, "number": 9, "precision": 0.4, "recall": 0.4444444444444444}, "eval_Release": {"f1": 0.3684210526315789, "number": 16, "precision": 0.3181818181818182, "recall": 0.4375}, "eval_URL": {"f1": 0.9440993788819876, "number": 80, "precision": 0.9382716049382716, "recall": 0.95}, "eval_Version": {"f1": 0.9360967184801382, "number": 285, "precision": 0.9217687074829932, "recall": 0.9508771929824561}, "eval_loss": 0.05509994179010391, "eval_overall_accuracy": 0.9870225721139061, "eval_overall_f1": 0.8555783709787818, "eval_overall_precision": 0.8322237017310253, "eval_overall_recall": 0.8802816901408451, "eval_runtime": 1.5564, "eval_samples_per_second": 378.441, "eval_steps_per_second": 47.546, "step": 138}, {"epoch": 5.864253393665159, "eval_Abbreviation": {"f1": 0.6451612903225806, "number": 15, "precision": 0.625, "recall": 0.6666666666666666}, "eval_AlternativeName": {"f1": 0.2105263157894737, "number": 10, "precision": 0.2222222222222222, "recall": 0.2}, "eval_Citation": {"f1": 0.8740740740740741, "number": 130, "precision": 0.8428571428571429, "recall": 0.9076923076923077}, "eval_Developer": {"f1": 0.8023598820058997, "number": 155, "precision": 0.7391304347826086, "recall": 0.8774193548387097}, "eval_Extension": {"f1": 0.7499999999999999, "number": 10, "precision": 1.0, "recall": 0.6}, "eval_License": {"f1": 0.5263157894736842, "number": 9, "precision": 0.5, "recall": 0.5555555555555556}, "eval_Release": {"f1": 0.4, "number": 16, "precision": 0.3333333333333333, "recall": 0.5}, "eval_URL": {"f1": 0.9440993788819876, "number": 80, "precision": 0.9382716049382716, "recall": 0.95}, "eval_Version": {"f1": 0.9367521367521368, "number": 285, "precision": 0.9133333333333333, "recall": 0.9614035087719298}, "eval_loss": 0.053753580898046494, "eval_overall_accuracy": 0.9873915984992927, "eval_overall_f1": 0.8581081081081081, "eval_overall_precision": 0.8246753246753247, "eval_overall_recall": 0.8943661971830986, "eval_runtime": 1.6008, "eval_samples_per_second": 367.94, "eval_steps_per_second": 46.227, "step": 162}], "logging_steps": 500, "max_steps": 162, "num_input_tokens_seen": 0, "num_train_epochs": 6, "save_steps": 500, "total_flos": 390064281214608.0, "train_batch_size": 8, "trial_name": null,