{"best_metric": 0.8065458796025717, "best_model_checkpoint": "../../models/subtask1/2024-07-13_01-14-09/checkpoint-3728", "epoch": 7.99785465272191, "eval_steps": 500, "global_step": 3728, "is_hyper_param_search": false, "is_local_process_zero": true, "is_world_process_zero": true, "log_history": [{"epoch": 0.9997318315902387, "eval_Application_Creation": {"f1": 0.04255319148936171, "number": 44, "precision": 0.3333333333333333, "recall": 0.022727272727272728}, "eval_Application_Deposition": {"f1": 0.5333333333333333, "number": 25, "precision": 0.45714285714285713, "recall": 0.64}, "eval_Application_Mention": {"f1": 0.09677419354838708, "number": 45, "precision": 0.17647058823529413, "recall": 0.06666666666666667}, "eval_Application_Usage": {"f1": 0.7172774869109948, "number": 529, "precision": 0.6661264181523501, "recall": 0.776937618147448}, "eval_OperatingSystem_Mention": {"f1": 0.0, "number": 4, "precision": 0.0, "recall": 0.0}, "eval_OperatingSystem_Usage": {"f1": 0.2857142857142857, "number": 30, "precision": 1.0, "recall": 0.16666666666666666}, "eval_PlugIn_Creation": {"f1": 0.0, "number": 12, "precision": 0.0, "recall": 0.0}, "eval_PlugIn_Deposition": {"f1": 0.0, "number": 3, "precision": 0.0, "recall": 0.0}, "eval_PlugIn_Mention": {"f1": 0.0, "number": 7, "precision": 0.0, "recall": 0.0}, "eval_PlugIn_Usage": {"f1": 0.03508771929824561, "number": 55, "precision": 0.5, "recall": 0.01818181818181818}, "eval_ProgrammingEnvironment_Mention": {"f1": 0.0, "number": 6, "precision": 0.0, "recall": 0.0}, "eval_ProgrammingEnvironment_Usage": {"f1": 0.7254901960784315, "number": 92, "precision": 0.6607142857142857, "recall": 0.8043478260869565}, "eval_SoftwareCoreference_Deposition": {"f1": 0.0, "number": 12, "precision": 0.0, "recall": 0.0}, "eval_loss": 0.009351248852908611, "eval_overall_accuracy": 0.9979327247540226, "eval_overall_f1": 0.617522658610272, "eval_overall_precision": 0.6460176991150443, "eval_overall_recall": 0.5914351851851852, "eval_runtime": 31.1894, "eval_samples_per_second": 318.762, "eval_steps_per_second": 39.853, "step": 466}, {"epoch": 1.0726736390453204, "grad_norm": 0.15292730927467346, "learning_rate": 9.621460506706409e-05, "loss": 0.2142, "step": 500}, {"epoch": 1.9994636631804772, "eval_Application_Creation": {"f1": 0.5393258426966293, "number": 44, "precision": 0.5333333333333333, "recall": 0.5454545454545454}, "eval_Application_Deposition": {"f1": 0.6153846153846153, "number": 25, "precision": 0.5925925925925926, "recall": 0.64}, "eval_Application_Mention": {"f1": 0.27397260273972607, "number": 45, "precision": 0.35714285714285715, "recall": 0.2222222222222222}, "eval_Application_Usage": {"f1": 0.8035190615835778, "number": 529, "precision": 0.8319838056680162, "recall": 0.776937618147448}, "eval_OperatingSystem_Mention": {"f1": 0.0, "number": 4, "precision": 0.0, "recall": 0.0}, "eval_OperatingSystem_Usage": {"f1": 0.9090909090909091, "number": 30, "precision": 0.8333333333333334, "recall": 1.0}, "eval_PlugIn_Creation": {"f1": 0.2857142857142857, "number": 12, "precision": 1.0, "recall": 0.16666666666666666}, "eval_PlugIn_Deposition": {"f1": 0.0, "number": 3, "precision": 0.0, "recall": 0.0}, "eval_PlugIn_Mention": {"f1": 0.0, "number": 7, "precision": 0.0, "recall": 0.0}, "eval_PlugIn_Usage": {"f1": 0.4869565217391304, "number": 55, "precision": 0.4666666666666667, "recall": 0.509090909090909}, "eval_ProgrammingEnvironment_Mention": {"f1": 0.0, "number": 6, "precision": 0.0, "recall": 0.0}, "eval_ProgrammingEnvironment_Usage": {"f1": 0.8770053475935828, "number": 92, "precision": 0.8631578947368421, "recall": 0.8913043478260869}, "eval_SoftwareCoreference_Deposition": {"f1": 0.2857142857142857, "number": 12, "precision": 1.0, "recall": 0.16666666666666666}, "eval_loss": 0.008104206994175911, "eval_overall_accuracy": 0.9984477675558555, "eval_overall_f1": 0.731559854897219, "eval_overall_precision": 0.7658227848101266, "eval_overall_recall": 0.7002314814814815, "eval_runtime": 28.6921, "eval_samples_per_second": 346.507, "eval_steps_per_second": 43.322, "step": 932}, {"epoch": 2.145347278090641, "grad_norm": 0.08326488733291626, "learning_rate": 8.131147540983607e-05, "loss": 0.006, "step": 1000}, {"epoch": 2.9991954947707162, "eval_Application_Creation": {"f1": 0.7058823529411764, "number": 44, "precision": 0.7317073170731707, "recall": 0.6818181818181818}, "eval_Application_Deposition": {"f1": 0.8148148148148148, "number": 25, "precision": 0.7586206896551724, "recall": 0.88}, "eval_Application_Mention": {"f1": 0.3466666666666666, "number": 45, "precision": 0.43333333333333335, "recall": 0.28888888888888886}, "eval_Application_Usage": {"f1": 0.8239771646051379, "number": 529, "precision": 0.8295019157088123, "recall": 0.8185255198487713}, "eval_OperatingSystem_Mention": {"f1": 0.0, "number": 4, "precision": 0.0, "recall": 0.0}, "eval_OperatingSystem_Usage": {"f1": 0.9375, "number": 30, "precision": 0.8823529411764706, "recall": 1.0}, "eval_PlugIn_Creation": {"f1": 0.6, "number": 12, "precision": 0.75, "recall": 0.5}, "eval_PlugIn_Deposition": {"f1": 0.4, "number": 3, "precision": 0.5, "recall": 0.3333333333333333}, "eval_PlugIn_Mention": {"f1": 0.0, "number": 7, "precision": 0.0, "recall": 0.0}, "eval_PlugIn_Usage": {"f1": 0.3934426229508196, "number": 55, "precision": 0.3582089552238806, "recall": 0.43636363636363634}, "eval_ProgrammingEnvironment_Mention": {"f1": 0.25, "number": 6, "precision": 0.5, "recall": 0.16666666666666666}, "eval_ProgrammingEnvironment_Usage": {"f1": 0.8958333333333334, "number": 92, "precision": 0.86, "recall": 0.9347826086956522}, "eval_SoftwareCoreference_Deposition": {"f1": 0.6666666666666665, "number": 12, "precision": 0.6, "recall": 0.75}, "eval_loss": 0.006265485193580389, "eval_overall_accuracy": 0.99857208823216, "eval_overall_f1": 0.7638483965014579, "eval_overall_precision": 0.7696827262044653, "eval_overall_recall": 0.7581018518518519, "eval_runtime": 29.0833, "eval_samples_per_second": 341.846, "eval_steps_per_second": 42.739, "step": 1398}, {"epoch": 3.2180209171359615, "grad_norm": 0.06714169681072235, "learning_rate": 6.640834575260805e-05, "loss": 0.003, "step": 1500}, {"epoch": 3.998927326360955, "eval_Application_Creation": {"f1": 0.7906976744186046, "number": 44, "precision": 0.8095238095238095, "recall": 0.7727272727272727}, "eval_Application_Deposition": {"f1": 0.7307692307692308, "number": 25, "precision": 0.7037037037037037, "recall": 0.76}, "eval_Application_Mention": {"f1": 0.4318181818181818, "number": 45, "precision": 0.4418604651162791, "recall": 0.4222222222222222}, "eval_Application_Usage": {"f1": 0.827264239028945, "number": 529, "precision": 0.8173431734317343, "recall": 0.8374291115311909}, "eval_OperatingSystem_Mention": {"f1": 0.0, "number": 4, "precision": 0.0, "recall": 0.0}, "eval_OperatingSystem_Usage": {"f1": 0.7435897435897435, "number": 30, "precision": 0.6041666666666666, "recall": 0.9666666666666667}, "eval_PlugIn_Creation": {"f1": 0.7368421052631579, "number": 12, "precision": 1.0, "recall": 0.5833333333333334}, "eval_PlugIn_Deposition": {"f1": 0.5, "number": 3, "precision": 0.4, "recall": 0.6666666666666666}, "eval_PlugIn_Mention": {"f1": 0.14285714285714285, "number": 7, "precision": 0.14285714285714285, "recall": 0.14285714285714285}, "eval_PlugIn_Usage": {"f1": 0.5416666666666666, "number": 55, "precision": 0.6341463414634146, "recall": 0.4727272727272727}, "eval_ProgrammingEnvironment_Mention": {"f1": 0.6, "number": 6, "precision": 0.42857142857142855, "recall": 1.0}, "eval_ProgrammingEnvironment_Usage": {"f1": 0.8817204301075269, "number": 92, "precision": 0.8723404255319149, "recall": 0.8913043478260869}, "eval_SoftwareCoreference_Deposition": {"f1": 0.5806451612903226, "number": 12, "precision": 0.47368421052631576, "recall": 0.75}, "eval_loss": 0.006870793178677559, "eval_overall_accuracy": 0.9986573366959116, "eval_overall_f1": 0.7723901882487164, "eval_overall_precision": 0.7615298087739033, "eval_overall_recall": 0.7835648148148148,