{
  "best_metric": null,
  "best_model_checkpoint": null,
  "epoch": 2.2675736961451247,
  "eval_steps": 500,
  "global_step": 500,
  "is_hyper_param_search": false,
  "is_local_process_zero": true,
  "is_world_process_zero": true,
  "log_history": [
    {
      "epoch": 0.45351473922902497,
      "grad_norm": 1.1460977792739868,
      "learning_rate": 2.6238805732850616e-05,
      "loss": 0.9424,
      "step": 100
    },
    {
      "epoch": 0.9070294784580499,
      "grad_norm": 0.7553421258926392,
      "learning_rate": 4.548059660360773e-05,
      "loss": 0.0863,
      "step": 200
    },
    {
      "epoch": 0.9977324263038548,
      "eval_Abbreviation": {
        "f1": 0.7567567567567568,
        "number": 15,
        "precision": 0.6363636363636364,
        "recall": 0.9333333333333333
      },
      "eval_AlternativeName": {
        "f1": 0.0,
        "number": 10,
        "precision": 0.0,
        "recall": 0.0
      },
      "eval_Citation": {
        "f1": 0.8375451263537907,
        "number": 130,
        "precision": 0.7891156462585034,
        "recall": 0.8923076923076924
      },
      "eval_Developer": {
        "f1": 0.8278145695364237,
        "number": 155,
        "precision": 0.8503401360544217,
        "recall": 0.8064516129032258
      },
      "eval_Extension": {
        "f1": 0.0,
        "number": 10,
        "precision": 0.0,
        "recall": 0.0
      },
      "eval_License": {
        "f1": 0.4210526315789474,
        "number": 9,
        "precision": 0.4,
        "recall": 0.4444444444444444
      },
      "eval_Release": {
        "f1": 0.5161290322580646,
        "number": 16,
        "precision": 0.5333333333333333,
        "recall": 0.5
      },
      "eval_URL": {
        "f1": 0.9440993788819876,
        "number": 80,
        "precision": 0.9382716049382716,
        "recall": 0.95
      },
      "eval_Version": {
        "f1": 0.9466192170818505,
        "number": 285,
        "precision": 0.9602888086642599,
        "recall": 0.9333333333333333
      },
      "eval_loss": 0.05835457518696785,
      "eval_overall_accuracy": 0.9853004489821022,
      "eval_overall_f1": 0.8607773851590106,
      "eval_overall_precision": 0.8638297872340426,
      "eval_overall_recall": 0.8577464788732394,
      "eval_runtime": 18.0195,
      "eval_samples_per_second": 32.687,
      "eval_steps_per_second": 4.107,
      "step": 220
    },
    {
      "epoch": 1.3605442176870748,
      "grad_norm": 1.0061818361282349,
      "learning_rate": 4.256517374440211e-05,
      "loss": 0.0531,
      "step": 300
    },
    {
      "epoch": 1.8140589569160999,
      "grad_norm": 0.22678053379058838,
      "learning_rate": 3.964975088519648e-05,
      "loss": 0.0336,
      "step": 400
    },
    {
      "epoch": 2.0,
      "eval_Abbreviation": {
        "f1": 0.7142857142857142,
        "number": 15,
        "precision": 0.7692307692307693,
        "recall": 0.6666666666666666
      },
      "eval_AlternativeName": {
        "f1": 0.7,
        "number": 10,
        "precision": 0.7,
        "recall": 0.7
      },
      "eval_Citation": {
        "f1": 0.810126582278481,
        "number": 130,
        "precision": 0.897196261682243,
        "recall": 0.7384615384615385
      },
      "eval_Developer": {
        "f1": 0.8983606557377048,
        "number": 155,
        "precision": 0.9133333333333333,
        "recall": 0.8838709677419355
      },
      "eval_Extension": {
        "f1": 0.7777777777777777,
        "number": 10,
        "precision": 0.875,
        "recall": 0.7
      },
      "eval_License": {
        "f1": 0.6666666666666666,
        "number": 9,
        "precision": 0.6666666666666666,
        "recall": 0.6666666666666666
      },
      "eval_Release": {
        "f1": 0.787878787878788,
        "number": 16,
        "precision": 0.7647058823529411,
        "recall": 0.8125
      },
      "eval_URL": {
        "f1": 0.9078947368421054,
        "number": 80,
        "precision": 0.9583333333333334,
        "recall": 0.8625
      },
      "eval_Version": {
        "f1": 0.9720279720279722,
        "number": 285,
        "precision": 0.9686411149825784,
        "recall": 0.9754385964912281
      },
      "eval_loss": 0.03662771359086037,
      "eval_overall_accuracy": 0.9901592963896919,
      "eval_overall_f1": 0.900939985538684,
      "eval_overall_precision": 0.9257057949479941,
      "eval_overall_recall": 0.8774647887323944,
      "eval_runtime": 17.9841,
      "eval_samples_per_second": 32.751,
      "eval_steps_per_second": 4.115,
      "step": 441
    },
    {
      "epoch": 2.2675736961451247,
      "grad_norm": 0.17700429260730743,
      "learning_rate": 3.6734328025990855e-05,
      "loss": 0.0231,
      "step": 500
    }
  ],
  "logging_steps": 100,
  "max_steps": 1760,
  "num_input_tokens_seen": 0,
  "num_train_epochs": 8,
  "save_steps": 500,
  "stateful_callbacks": {
    "TrainerControl": {
      "args": {
        "should_epoch_stop": false,
        "should_evaluate": false,
        "should_log": false,
        "should_save": true,
        "should_training_stop": false
      },
      "attributes": {}
    }
  },
  "total_flos": 1045338218496000.0,
  "train_batch_size": 4,
  "trial_name": null,
  "trial_params": null
}
