{"best_metric": 0.9058419243986254, "best_model_checkpoint": "../../models/subtask2/2024-07-13_01-03-19/checkpoint-216", "epoch": 7.819004524886878, "eval_steps": 500, "global_step": 216, "is_hyper_param_search": false, "is_local_process_zero": true, "is_world_process_zero": true, "log_history": [{"epoch": 0.9773755656108597, "eval_Abbreviation": {"f1": 0.0, "number": 15, "precision": 0.0, "recall": 0.0}, "eval_AlternativeName": {"f1": 0.0, "number": 10, "precision": 0.0, "recall": 0.0}, "eval_Citation": {"f1": 0.797427652733119, "number": 130, "precision": 0.6850828729281768, "recall": 0.9538461538461539}, "eval_Developer": {"f1": 0.40769230769230763, "number": 155, "precision": 0.5047619047619047, "recall": 0.3419354838709677}, "eval_Extension": {"f1": 0.0, "number": 10, "precision": 0.0, "recall": 0.0}, "eval_License": {"f1": 0.0, "number": 9, "precision": 0.0, "recall": 0.0}, "eval_Release": {"f1": 0.0, "number": 16, "precision": 0.0, "recall": 0.0}, "eval_URL": {"f1": 0.9268292682926829, "number": 80, "precision": 0.9047619047619048, "recall": 0.95}, "eval_Version": {"f1": 0.8874388254486134, "number": 285, "precision": 0.8292682926829268, "recall": 0.9543859649122807}, "eval_loss": 0.14253439009189606, "eval_overall_accuracy": 0.9724460298911373, "eval_overall_f1": 0.7457386363636364, "eval_overall_precision": 0.7521489971346705, "eval_overall_recall": 0.7394366197183099, "eval_runtime": 1.6309, "eval_samples_per_second": 361.158, "eval_steps_per_second": 45.375, "step": 27}, {"epoch": 1.990950226244344, "eval_Abbreviation": {"f1": 0.0, "number": 15, "precision": 0.0, "recall": 0.0}, "eval_AlternativeName": {"f1": 0.0, "number": 10, "precision": 0.0, "recall": 0.0}, "eval_Citation": {"f1": 0.8000000000000002, "number": 130, "precision": 0.6888888888888889, "recall": 0.9538461538461539}, "eval_Developer": {"f1": 0.8427672955974844, "number": 155, "precision": 0.8220858895705522, "recall": 0.864516129032258}, "eval_Extension": {"f1": 0.0, "number": 10, "precision": 0.0, "recall": 0.0}, "eval_License": {"f1": 0.26666666666666666, "number": 9, "precision": 0.3333333333333333, "recall": 0.2222222222222222}, "eval_Release": {"f1": 0.3, "number": 16, "precision": 0.25, "recall": 0.375}, "eval_URL": {"f1": 0.9440993788819876, "number": 80, "precision": 0.9382716049382716, "recall": 0.95}, "eval_Version": {"f1": 0.9235993208828523, "number": 285, "precision": 0.8947368421052632, "recall": 0.9543859649122807}, "eval_loss": 0.06998300552368164, "eval_overall_accuracy": 0.9829017774770896, "eval_overall_f1": 0.8365122615803814, "eval_overall_precision": 0.8100263852242744, "eval_overall_recall": 0.8647887323943662, "eval_runtime": 1.5597, "eval_samples_per_second": 377.634, "eval_steps_per_second": 47.445, "step": 55}, {"epoch": 2.9683257918552037, "eval_Abbreviation": {"f1": 0.6206896551724138, "number": 15, "precision": 0.6428571428571429, "recall": 0.6}, "eval_AlternativeName": {"f1": 0.33333333333333326, "number": 10, "precision": 0.375, "recall": 0.3}, "eval_Citation": {"f1": 0.8259385665529012, "number": 130, "precision": 0.7423312883435583, "recall": 0.9307692307692308}, "eval_Developer": {"f1": 0.8507936507936507, "number": 155, "precision": 0.8375, "recall": 0.864516129032258}, "eval_Extension": {"f1": 0.6666666666666666, "number": 10, "precision": 1.0, "recall": 0.5}, "eval_License": {"f1": 0.6250000000000001, "number": 9, "precision": 0.7142857142857143, "recall": 0.5555555555555556}, "eval_Release": {"f1": 0.4210526315789474, "number": 16, "precision": 0.36363636363636365, "recall": 0.5}, "eval_URL": {"f1": 0.9559748427672956, "number": 80, "precision": 0.9620253164556962, "recall": 0.95}, "eval_Version": {"f1": 0.9356521739130435, "number": 285, "precision": 0.9275862068965517, "recall": 0.9438596491228071}, "eval_loss": 0.053681522607803345, "eval_overall_accuracy": 0.9865305369333908, "eval_overall_f1": 0.8641975308641976, "eval_overall_precision": 0.8422459893048129, "eval_overall_recall": 0.8873239436619719, "eval_runtime": 1.6402, "eval_samples_per_second": 359.113, "eval_steps_per_second": 45.118, "step": 82}, {"epoch": 3.981900452488688, "eval_Abbreviation": {"f1": 0.689655172413793, "number": 15, "precision": 0.7142857142857143, "recall": 0.6666666666666666}, "eval_AlternativeName": {"f1": 0.5, "number": 10, "precision": 0.5, "recall": 0.5}, "eval_Citation": {"f1": 0.8602150537634408, "number": 130, "precision": 0.8053691275167785, "recall": 0.9230769230769231}, "eval_Developer": {"f1": 0.8493975903614457, "number": 155, "precision": 0.7966101694915254, "recall": 0.9096774193548387}, "eval_Extension": {"f1": 0.888888888888889, "number": 10, "precision": 1.0, "recall": 0.8}, "eval_License": {"f1": 0.5555555555555556, "number": 9, "precision": 0.5555555555555556, "recall": 0.5555555555555556}, "eval_Release": {"f1": 0.4, "number": 16, "precision": 0.3103448275862069, "recall": 0.5625}, "eval_URL": {"f1": 0.9440993788819876, "number": 80, "precision": 0.9382716049382716, "recall": 0.95}, "eval_Version": {"f1": 0.9480968858131488, "number": 285, "precision": 0.9351535836177475, "recall": 0.9614035087719298}, "eval_loss": 0.04571089148521423, "eval_overall_accuracy": 0.9883756688603235, "eval_overall_f1": 0.8756756756756756, "eval_overall_precision": 0.8415584415584415, "eval_overall_recall": 0.9126760563380282, "eval_runtime": 1.5543, "eval_samples_per_second": 378.94, "eval_steps_per_second": 47.609, "step": 110}, {"epoch": 4.995475113122172, "eval_Abbreviation": {"f1": 0.608695652173913, "number": 15, "precision": 0.875, "recall": 0.4666666666666667}, "eval_AlternativeName": {"f1": 0.4444444444444445, "number": 10, "precision": 0.5, "recall": 0.4}, "eval_Citation": {"f1": 0.8515625, "number": 130, "precision": 0.8650793650793651, "recall": 0.8384615384615385}, "eval_Developer": {"f1": 0.8831168831168831, "number": 155, "precision": 0.8888888888888888, "recall": 0.8774193548387097}, "eval_Extension": {"f1": 0.888888888888889, "number": 10, "precision": 1.0, "recall": 0.8}, "eval_License": {"f1": 0.631578947368421, "number": 9, "precision": 0.6, "recall": 0.6666666666666666}, "eval_Release": {"f1": 0.5882352941176471, "number": 16, "precision": 0.5555555555555556, "recall": 0.625}, "eval_URL": {"f1": 0.9500000000000001, "number": 80, "precision": 0.95, "recall": 0.95}, "eval_Version": {"f1": 0.9535283993115319, "number": 285, "precision": 0.9358108108108109, "recall": 0.9719298245614035}, "eval_loss": 0.04681495577096939, "eval_overall_accuracy": 0.9893597392213543, "eval_overall_f1": 0.8934368383909669, "eval_overall_precision": 0.8953323903818954, "eval_overall_recall": 0.8915492957746479, "eval_runtime": 1.5421, "eval_samples_per_second": 381.946, "eval_steps_per_second": 47.986, "step": 138}, {"epoch": 5.972850678733032, "eval_Abbreviation": {"f1": 0.8000000000000002, "number": 15, "precision": 0.8, "recall": 0.8}, "eval_AlternativeName": {"f1": 0.4210526315789474, "number": 10, "precision": 0.4444444444444444, "recall": 0.4}, "eval_Citation": {"f1": 0.8432835820895522, "number": 130, "precision": 0.8188405797101449, "recall": 0.8692307692307693}, "eval_Developer": {"f1": 0.8853503184713376, "number": 155, "precision": 0.8742138364779874, "recall": 0.896774193548387}, "eval_Extension": {"f1": 0.888888888888889, "number": 10, "precision": 1.0, "recall": 0.8}, "eval_License": {"f1": 0.7058823529411765, "number": 9, "precision": 0.75, "recall": 0.6666666666666666}, "eval_Release": {"f1": 0.6875, "number": 16, "precision": 0.6875, "recall": 0.6875}, "eval_URL": {"f1": 0.9440993788819876, "number": 80, "precision": 0.9382716049382716, "recall": 0.95}, "eval_Version": {"f1": 0.9577464788732394, "number": 285, "precision": 0.9611307420494699, "recall": 0.9543859649122807}, "eval_loss": 0.04450637847185135, "eval_overall_accuracy": 0.9899132787994341, "eval_overall_f1": 0.8983882270497547, "eval_overall_precision": 0.8940027894002789, "eval_overall_recall": 0.9028169014084507, "eval_runtime": 1.5626, "eval_samples_per_second": 376.941,