{
  "best_metric": null,
  "best_model_checkpoint": null,
  "epoch": 2.2675736961451247,
  "eval_steps": 500,
  "global_step": 500,
  "is_hyper_param_search": false,
  "is_local_process_zero": true,
  "is_world_process_zero": true,
  "log_history": [
    {
      "epoch": 0.45351473922902497,
      "grad_norm": 0.8913674354553223,
      "learning_rate": 7.052351673117905e-05,
      "loss": 0.6722,
      "step": 100
    },
    {
      "epoch": 0.9070294784580499,
      "grad_norm": 2.730266571044922,
      "learning_rate": 0.0001410470334623581,
      "loss": 0.0999,
      "step": 200
    },
    {
      "epoch": 0.9977324263038548,
      "eval_Abbreviation": {
        "f1": 0.0,
        "number": 15,
        "precision": 0.0,
        "recall": 0.0
      },
      "eval_AlternativeName": {
        "f1": 0.13333333333333333,
        "number": 10,
        "precision": 0.2,
        "recall": 0.1
      },
      "eval_Citation": {
        "f1": 0.8082191780821918,
        "number": 130,
        "precision": 0.7283950617283951,
        "recall": 0.9076923076923077
      },
      "eval_Developer": {
        "f1": 0.7621951219512195,
        "number": 155,
        "precision": 0.7225433526011561,
        "recall": 0.8064516129032258
      },
      "eval_Extension": {
        "f1": 0.0,
        "number": 10,
        "precision": 0.0,
        "recall": 0.0
      },
      "eval_License": {
        "f1": 0.0,
        "number": 9,
        "precision": 0.0,
        "recall": 0.0
      },
      "eval_Release": {
        "f1": 0.5925925925925926,
        "number": 16,
        "precision": 0.7272727272727273,
        "recall": 0.5
      },
      "eval_URL": {
        "f1": 0.9625000000000001,
        "number": 80,
        "precision": 0.9625,
        "recall": 0.9625
      },
      "eval_Version": {
        "f1": 0.9356521739130435,
        "number": 285,
        "precision": 0.9275862068965517,
        "recall": 0.9438596491228071
      },
      "eval_loss": 0.07272942364215851,
      "eval_overall_accuracy": 0.9827787686819608,
      "eval_overall_f1": 0.834612700628053,
      "eval_overall_precision": 0.8271092669432918,
      "eval_overall_recall": 0.8422535211267606,
      "eval_runtime": 18.8293,
      "eval_samples_per_second": 31.281,
      "eval_steps_per_second": 1.965,
      "step": 220
    },
    {
      "epoch": 1.3605442176870748,
      "grad_norm": 1.4561595916748047,
      "learning_rate": 0.00014888297976582243,
      "loss": 0.0882,
      "step": 300
    },
    {
      "epoch": 1.8140589569160999,
      "grad_norm": 4.984900951385498,
      "learning_rate": 0.0001410470334623581,
      "loss": 0.1442,
      "step": 400
    },
    {
      "epoch": 2.0,
      "eval_Abbreviation": {
        "f1": 0.125,
        "number": 15,
        "precision": 1.0,
        "recall": 0.06666666666666667
      },
      "eval_AlternativeName": {
        "f1": 0.0,
        "number": 10,
        "precision": 0.0,
        "recall": 0.0
      },
      "eval_Citation": {
        "f1": 0.7725856697819313,
        "number": 130,
        "precision": 0.6492146596858639,
        "recall": 0.9538461538461539
      },
      "eval_Developer": {
        "f1": 0.7751479289940828,
        "number": 155,
        "precision": 0.7158469945355191,
        "recall": 0.8451612903225807
      },
      "eval_Extension": {
        "f1": 0.6666666666666666,
        "number": 10,
        "precision": 0.5714285714285714,
        "recall": 0.8
      },
      "eval_License": {
        "f1": 0.33333333333333337,
        "number": 9,
        "precision": 0.26666666666666666,
        "recall": 0.4444444444444444
      },
      "eval_Release": {
        "f1": 0.358974358974359,
        "number": 16,
        "precision": 0.30434782608695654,
        "recall": 0.4375
      },
      "eval_URL": {
        "f1": 0.9570552147239264,
        "number": 80,
        "precision": 0.9397590361445783,
        "recall": 0.975
      },
      "eval_Version": {
        "f1": 0.9393414211438474,
        "number": 285,
        "precision": 0.928082191780822,
        "recall": 0.9508771929824561
      },
      "eval_loss": 0.07602362334728241,
      "eval_overall_accuracy": 0.9820407159111877,
      "eval_overall_f1": 0.8237623762376238,
      "eval_overall_precision": 0.7751552795031056,
      "eval_overall_recall": 0.8788732394366198,
      "eval_runtime": 18.459,
      "eval_samples_per_second": 31.908,
      "eval_steps_per_second": 2.004,
      "step": 441
    },
    {
      "epoch": 2.2675736961451247,
      "grad_norm": 0.5252847671508789,
      "learning_rate": 0.00013321108715889376,
      "loss": 0.0757,
      "step": 500
    }
  ],
  "logging_steps": 100,
  "max_steps": 2200,
  "num_input_tokens_seen": 0,
  "num_train_epochs": 10,
  "save_steps": 500,
  "stateful_callbacks": {
    "TrainerControl": {
      "args": {
        "should_epoch_stop": false,
        "should_evaluate": false,
        "should_log": false,
        "should_save": true,
        "should_training_stop": false
      },
      "attributes": {}
    }
  },
  "total_flos": 1045338218496000.0,
  "train_batch_size": 4,
  "trial_name": null,
  "trial_params": null
}
