{
  "best_metric": null,
  "best_model_checkpoint": null,
  "epoch": 4.535147392290249,
  "eval_steps": 500,
  "global_step": 1000,
  "is_hyper_param_search": false,
  "is_local_process_zero": true,
  "is_world_process_zero": true,
  "log_history": [
    {
      "epoch": 0.45351473922902497,
      "grad_norm": 0.8913674354553223,
      "learning_rate": 7.052351673117905e-05,
      "loss": 0.6722,
      "step": 100
    },
    {
      "epoch": 0.9070294784580499,
      "grad_norm": 2.730266571044922,
      "learning_rate": 0.0001410470334623581,
      "loss": 0.0999,
      "step": 200
    },
    {
      "epoch": 0.9977324263038548,
      "eval_Abbreviation": {
        "f1": 0.0,
        "number": 15,
        "precision": 0.0,
        "recall": 0.0
      },
      "eval_AlternativeName": {
        "f1": 0.13333333333333333,
        "number": 10,
        "precision": 0.2,
        "recall": 0.1
      },
      "eval_Citation": {
        "f1": 0.8082191780821918,
        "number": 130,
        "precision": 0.7283950617283951,
        "recall": 0.9076923076923077
      },
      "eval_Developer": {
        "f1": 0.7621951219512195,
        "number": 155,
        "precision": 0.7225433526011561,
        "recall": 0.8064516129032258
      },
      "eval_Extension": {
        "f1": 0.0,
        "number": 10,
        "precision": 0.0,
        "recall": 0.0
      },
      "eval_License": {
        "f1": 0.0,
        "number": 9,
        "precision": 0.0,
        "recall": 0.0
      },
      "eval_Release": {
        "f1": 0.5925925925925926,
        "number": 16,
        "precision": 0.7272727272727273,
        "recall": 0.5
      },
      "eval_URL": {
        "f1": 0.9625000000000001,
        "number": 80,
        "precision": 0.9625,
        "recall": 0.9625
      },
      "eval_Version": {
        "f1": 0.9356521739130435,
        "number": 285,
        "precision": 0.9275862068965517,
        "recall": 0.9438596491228071
      },
      "eval_loss": 0.07272942364215851,
      "eval_overall_accuracy": 0.9827787686819608,
      "eval_overall_f1": 0.834612700628053,
      "eval_overall_precision": 0.8271092669432918,
      "eval_overall_recall": 0.8422535211267606,
      "eval_runtime": 18.8293,
      "eval_samples_per_second": 31.281,
      "eval_steps_per_second": 1.965,
      "step": 220
    },
    {
      "epoch": 1.3605442176870748,
      "grad_norm": 1.4561595916748047,
      "learning_rate": 0.00014888297976582243,
      "loss": 0.0882,
      "step": 300
    },
    {
      "epoch": 1.8140589569160999,
      "grad_norm": 4.984900951385498,
      "learning_rate": 0.0001410470334623581,
      "loss": 0.1442,
      "step": 400
    },
    {
      "epoch": 2.0,
      "eval_Abbreviation": {
        "f1": 0.125,
        "number": 15,
        "precision": 1.0,
        "recall": 0.06666666666666667
      },
      "eval_AlternativeName": {
        "f1": 0.0,
        "number": 10,
        "precision": 0.0,
        "recall": 0.0
      },
      "eval_Citation": {
        "f1": 0.7725856697819313,
        "number": 130,
        "precision": 0.6492146596858639,
        "recall": 0.9538461538461539
      },
      "eval_Developer": {
        "f1": 0.7751479289940828,
        "number": 155,
        "precision": 0.7158469945355191,
        "recall": 0.8451612903225807
      },
      "eval_Extension": {
        "f1": 0.6666666666666666,
        "number": 10,
        "precision": 0.5714285714285714,
        "recall": 0.8
      },
      "eval_License": {
        "f1": 0.33333333333333337,
        "number": 9,
        "precision": 0.26666666666666666,
        "recall": 0.4444444444444444
      },
      "eval_Release": {
        "f1": 0.358974358974359,
        "number": 16,
        "precision": 0.30434782608695654,
        "recall": 0.4375
      },
      "eval_URL": {
        "f1": 0.9570552147239264,
        "number": 80,
        "precision": 0.9397590361445783,
        "recall": 0.975
      },
      "eval_Version": {
        "f1": 0.9393414211438474,
        "number": 285,
        "precision": 0.928082191780822,
        "recall": 0.9508771929824561
      },
      "eval_loss": 0.07602362334728241,
      "eval_overall_accuracy": 0.9820407159111877,
      "eval_overall_f1": 0.8237623762376238,
      "eval_overall_precision": 0.7751552795031056,
      "eval_overall_recall": 0.8788732394366198,
      "eval_runtime": 18.459,
      "eval_samples_per_second": 31.908,
      "eval_steps_per_second": 2.004,
      "step": 441
    },
    {
      "epoch": 2.2675736961451247,
      "grad_norm": 0.5252847671508789,
      "learning_rate": 0.00013321108715889376,
      "loss": 0.0757,
      "step": 500
    },
    {
      "epoch": 2.7210884353741496,
      "grad_norm": 2.4312896728515625,
      "learning_rate": 0.00012537514085542942,
      "loss": 0.0647,
      "step": 600
    },
    {
      "epoch": 2.997732426303855,
      "eval_Abbreviation": {
        "f1": 0.5555555555555556,
        "number": 15,
        "precision": 0.38461538461538464,
        "recall": 1.0
      },
      "eval_AlternativeName": {
        "f1": 0.11111111111111112,
        "number": 10,
        "precision": 0.125,
        "recall": 0.1
      },
      "eval_Citation": {
        "f1": 0.6889952153110048,
        "number": 130,
        "precision": 0.9113924050632911,
        "recall": 0.5538461538461539
      },
      "eval_Developer": {
        "f1": 0.8035190615835778,
        "number": 155,
        "precision": 0.7365591397849462,
        "recall": 0.8838709677419355
      },
      "eval_Extension": {
        "f1": 0.7499999999999999,
        "number": 10,
        "precision": 1.0,
        "recall": 0.6
      },
      "eval_License": {
        "f1": 0.5263157894736842,
        "number": 9,
        "precision": 0.5,
        "recall": 0.5555555555555556
      },
      "eval_Release": {
        "f1": 0.5909090909090908,
        "number": 16,
        "precision": 0.4642857142857143,
        "recall": 0.8125
      },
      "eval_URL": {
        "f1": 0.9629629629629629,
        "number": 80,
        "precision": 0.9512195121951219,
        "recall": 0.975
      },
      "eval_Version": {
        "f1": 0.954225352112676,
        "number": 285,
        "precision": 0.9575971731448764,
        "recall": 0.9508771929824561
      },
      "eval_loss": 0.05133723095059395,
      "eval_overall_accuracy": 0.9836398302478627,
      "eval_overall_f1": 0.8357791754018169,
      "eval_overall_precision": 0.8294036061026352,
      "eval_overall_recall": 0.8422535211267606,
      "eval_runtime": 18.9698,
      "eval_samples_per_second": 31.049,
      "eval_steps_per_second": 1.95,
      "step": 661
    },
    {
      "epoch": 3.1746031746031744,
      "grad_norm": 2.5301480293273926,
      "learning_rate": 0.00011753919455196509,
      "loss": 0.0445,
      "step": 700
    },
    {
      "epoch": 3.6281179138321997,
      "grad_norm": 1.382568597793579,
      "learning_rate": 0.00010970324824850075,
      "loss": 0.0397,
      "step": 800
    },
    {
      "epoch": 4.0,
      "eval_Abbreviation": {
        "f1": 0.7096774193548386,
        "number": 15,
        "precision": 0.6875,
        "recall": 0.7333333333333333
      },
      "eval_AlternativeName": {
        "f1": 0.16666666666666669,
        "number": 10,
        "precision": 0.5,
        "recall": 0.1
      },
      "eval_Citation": {
        "f1": 0.8145454545454546,
        "number": 130,
        "precision": 0.7724137931034483,
        "recall": 0.8615384615384616
      },
      "eval_Developer": {
        "f1": 0.87248322147651,
        "number": 155,
        "precision": 0.9090909090909091,
        "recall": 0.8387096774193549
      },
      "eval_Extension": {
        "f1": 0.7499999999999999,
        "number": 10,
        "precision": 1.0,
        "recall": 0.6
      },
      "eval_License": {
        "f1": 0.375,
        "number": 9,
        "precision": 0.42857142857142855,
        "recall": 0.3333333333333333
      },