{"best_metric": 0.7179788484136309, "best_model_checkpoint": "../../models/subtask1/2024-07-12_23-55-30/checkpoint-2330", "epoch": 4.998659157951193, "eval_steps": 500, "global_step": 2330, "is_hyper_param_search": false, "is_local_process_zero": true, "is_world_process_zero": true, "log_history": [{"epoch": 0.9997318315902387, "eval_Application_Creation": {"f1": 0.0, "number": 44, "precision": 0.0, "recall": 0.0}, "eval_Application_Deposition": {"f1": 0.0, "number": 25, "precision": 0.0, "recall": 0.0}, "eval_Application_Mention": {"f1": 0.0, "number": 45, "precision": 0.0, "recall": 0.0}, "eval_Application_Usage": {"f1": 0.5901089689857503, "number": 529, "precision": 0.5301204819277109, "recall": 0.665406427221172}, "eval_OperatingSystem_Mention": {"f1": 0.0, "number": 4, "precision": 0.0, "recall": 0.0}, "eval_OperatingSystem_Usage": {"f1": 0.6382978723404256, "number": 30, "precision": 0.8823529411764706, "recall": 0.5}, "eval_PlugIn_Creation": {"f1": 0.0, "number": 12, "precision": 0.0, "recall": 0.0}, "eval_PlugIn_Deposition": {"f1": 0.0, "number": 3, "precision": 0.0, "recall": 0.0}, "eval_PlugIn_Mention": {"f1": 0.0, "number": 7, "precision": 0.0, "recall": 0.0}, "eval_PlugIn_Usage": {"f1": 0.0, "number": 55, "precision": 0.0, "recall": 0.0}, "eval_ProgrammingEnvironment_Mention": {"f1": 0.0, "number": 6, "precision": 0.0, "recall": 0.0}, "eval_ProgrammingEnvironment_Usage": {"f1": 0.5466666666666666, "number": 92, "precision": 0.7068965517241379, "recall": 0.44565217391304346}, "eval_SoftwareCoreference_Deposition": {"f1": 0.0, "number": 12, "precision": 0.0, "recall": 0.0}, "eval_loss": 0.01282759290188551, "eval_overall_accuracy": 0.9974283380101587, "eval_overall_f1": 0.5090455396132252, "eval_overall_precision": 0.5520974289580515, "eval_overall_recall": 0.4722222222222222, "eval_runtime": 31.6247, "eval_samples_per_second": 314.374, "eval_steps_per_second": 39.305, "step": 466}, {"epoch": 1.0726736390453204, "grad_norm": 0.2121567577123642, "learning_rate": 1.570815450643777e-05, "loss": 0.0617, "step": 500}, {"epoch": 1.9994636631804772, "eval_Application_Creation": {"f1": 0.1791044776119403, "number": 44, "precision": 0.2608695652173913, "recall": 0.13636363636363635}, "eval_Application_Deposition": {"f1": 0.0, "number": 25, "precision": 0.0, "recall": 0.0}, "eval_Application_Mention": {"f1": 0.03773584905660377, "number": 45, "precision": 0.125, "recall": 0.022222222222222223}, "eval_Application_Usage": {"f1": 0.7323943661971832, "number": 529, "precision": 0.685337726523888, "recall": 0.7863894139886578}, "eval_OperatingSystem_Mention": {"f1": 0.0, "number": 4, "precision": 0.0, "recall": 0.0}, "eval_OperatingSystem_Usage": {"f1": 0.8923076923076922, "number": 30, "precision": 0.8285714285714286, "recall": 0.9666666666666667}, "eval_PlugIn_Creation": {"f1": 0.0, "number": 12, "precision": 0.0, "recall": 0.0}, "eval_PlugIn_Deposition": {"f1": 0.0, "number": 3, "precision": 0.0, "recall": 0.0}, "eval_PlugIn_Mention": {"f1": 0.0, "number": 7, "precision": 0.0, "recall": 0.0}, "eval_PlugIn_Usage": {"f1": 0.08450704225352113, "number": 55, "precision": 0.1875, "recall": 0.05454545454545454}, "eval_ProgrammingEnvironment_Mention": {"f1": 0.0, "number": 6, "precision": 0.0, "recall": 0.0}, "eval_ProgrammingEnvironment_Usage": {"f1": 0.7958115183246074, "number": 92, "precision": 0.7676767676767676, "recall": 0.8260869565217391}, "eval_SoftwareCoreference_Deposition": {"f1": 0.0, "number": 12, "precision": 0.0, "recall": 0.0}, "eval_loss": 0.008836026303470135, "eval_overall_accuracy": 0.9981209817781409, "eval_overall_f1": 0.6428571428571428, "eval_overall_precision": 0.6738578680203046, "eval_overall_recall": 0.6145833333333334, "eval_runtime": 28.6975, "eval_samples_per_second": 346.442, "eval_steps_per_second": 43.314, "step": 932}, {"epoch": 2.145347278090641, "grad_norm": 0.17049480974674225, "learning_rate": 1.1416309012875537e-05, "loss": 0.0093, "step": 1000}, {"epoch": 2.9991954947707162, "eval_Application_Creation": {"f1": 0.5142857142857142, "number": 44, "precision": 0.4426229508196721, "recall": 0.6136363636363636}, "eval_Application_Deposition": {"f1": 0.45454545454545453, "number": 25, "precision": 0.5263157894736842, "recall": 0.4}, "eval_Application_Mention": {"f1": 0.29333333333333333, "number": 45, "precision": 0.36666666666666664, "recall": 0.24444444444444444}, "eval_Application_Usage": {"f1": 0.7654545454545455, "number": 529, "precision": 0.7373029772329247, "recall": 0.7958412098298677}, "eval_OperatingSystem_Mention": {"f1": 0.0, "number": 4, "precision": 0.0, "recall": 0.0}, "eval_OperatingSystem_Usage": {"f1": 0.8787878787878789, "number": 30, "precision": 0.8055555555555556, "recall": 0.9666666666666667}, "eval_PlugIn_Creation": {"f1": 0.0, "number": 12, "precision": 0.0, "recall": 0.0}, "eval_PlugIn_Deposition": {"f1": 0.0, "number": 3, "precision": 0.0, "recall": 0.0}, "eval_PlugIn_Mention": {"f1": 0.0, "number": 7, "precision": 0.0, "recall": 0.0}, "eval_PlugIn_Usage": {"f1": 0.24761904761904763, "number": 55, "precision": 0.26, "recall": 0.23636363636363636}, "eval_ProgrammingEnvironment_Mention": {"f1": 0.0, "number": 6, "precision": 0.0, "recall": 0.0}, "eval_ProgrammingEnvironment_Usage": {"f1": 0.8297872340425533, "number": 92, "precision": 0.8125, "recall": 0.8478260869565217}, "eval_SoftwareCoreference_Deposition": {"f1": 0.4, "number": 12, "precision": 1.0, "recall": 0.25}, "eval_loss": 0.0074941236525774, "eval_overall_accuracy": 0.9982808226476751, "eval_overall_f1": 0.6843930635838151, "eval_overall_precision": 0.6836027713625866, "eval_overall_recall": 0.6851851851851852, "eval_runtime": 29.0997, "eval_samples_per_second": 341.653, "eval_steps_per_second": 42.715, "step": 1398}, {"epoch": 3.2180209171359615, "grad_norm": 0.06447187066078186, "learning_rate": 7.124463519313305e-06, "loss": 0.005, "step": 1500}, {"epoch": 3.998927326360955, "eval_Application_Creation": {"f1": 0.56, "number": 44, "precision": 0.5, "recall": 0.6363636363636364}, "eval_Application_Deposition": {"f1": 0.4897959183673469, "number": 25, "precision": 0.5, "recall": 0.48}, "eval_Application_Mention": {"f1": 0.28205128205128205, "number": 45, "precision": 0.3333333333333333, "recall": 0.24444444444444444}, "eval_Application_Usage": {"f1": 0.7889400921658987, "number": 529, "precision": 0.7697841726618705, "recall": 0.8090737240075614}, "eval_OperatingSystem_Mention": {"f1": 0.0, "number": 4, "precision": 0.0, "recall": 0.0}, "eval_OperatingSystem_Usage": {"f1": 0.8955223880597014, "number": 30, "precision": 0.8108108108108109, "recall": 1.0}, "eval_PlugIn_Creation": {"f1": 0.0, "number": 12, "precision": 0.0, "recall": 0.0}, "eval_PlugIn_Deposition": {"f1": 0.0, "number": 3, "precision": 0.0, "recall": 0.0}, "eval_PlugIn_Mention": {"f1": 0.0, "number": 7, "precision": 0.0, "recall": 0.0}, "eval_PlugIn_Usage": {"f1": 0.3008849557522123, "number": 55, "precision": 0.29310344827586204, "recall": 0.3090909090909091}, "eval_ProgrammingEnvironment_Mention": {"f1": 0.0, "number": 6, "precision": 0.0, "recall": 0.0}, "eval_ProgrammingEnvironment_Usage": {"f1": 0.8586387434554974, "number": 92, "precision": 0.8282828282828283, "recall": 0.8913043478260869}, "eval_SoftwareCoreference_Deposition": {"f1": 0.5555555555555556, "number": 12, "precision": 0.8333333333333334, "recall": 0.4166666666666667}, "eval_loss": 0.007322900462895632, "eval_overall_accuracy": 0.9983802791887187, "eval_overall_f1": 0.707035755478662, "eval_overall_precision": 0.7045977011494253, "eval_overall_recall": 0.7094907407407407, "eval_runtime": 28.9685, "eval_samples_per_second": 343.2, "eval_steps_per_second": 42.909, "step": 1864}, {"epoch": 4.290694556181282, "grad_norm": 0.29843583703041077, "learning_rate": 2.8326180257510733e-06, "loss": 0.0035, "step": 2000}, {"epoch": 4.998659157951193, "eval_Application_Creation": {"f1": 0.5656565656565656, "number": 44, "precision": 0.509090909090909, "recall": 0.6363636363636364},