{
  "best_metric": null,
  "best_model_checkpoint": null,
  "epoch": 7.981859410430839,
  "eval_steps": 500,
  "global_step": 1760,
  "is_hyper_param_search": false,
  "is_local_process_zero": true,
  "is_world_process_zero": true,
  "log_history": [
    {
      "epoch": 0.45351473922902497,
      "grad_norm": 1.0471792221069336,
      "learning_rate": 2.300637126660946e-05,
      "loss": 1.1058,
      "step": 100
    },
    {
      "epoch": 0.9070294784580499,
      "grad_norm": 0.8353833556175232,
      "learning_rate": 3.987771019545639e-05,
      "loss": 0.0988,
      "step": 200
    },
    {
      "epoch": 0.9977324263038548,
      "eval_Abbreviation": {
        "f1": 0.125,
        "number": 15,
        "precision": 1.0,
        "recall": 0.06666666666666667
      },
      "eval_AlternativeName": {
        "f1": 0.0,
        "number": 10,
        "precision": 0.0,
        "recall": 0.0
      },
      "eval_Citation": {
        "f1": 0.8181818181818182,
        "number": 130,
        "precision": 0.7078651685393258,
        "recall": 0.9692307692307692
      },
      "eval_Developer": {
        "f1": 0.7090909090909092,
        "number": 155,
        "precision": 0.6685714285714286,
        "recall": 0.7548387096774194
      },
      "eval_Extension": {
        "f1": 0.0,
        "number": 10,
        "precision": 0.0,
        "recall": 0.0
      },
      "eval_License": {
        "f1": 0.26666666666666666,
        "number": 9,
        "precision": 0.3333333333333333,
        "recall": 0.2222222222222222
      },
      "eval_Release": {
        "f1": 0.47058823529411764,
        "number": 16,
        "precision": 0.4444444444444444,
        "recall": 0.5
      },
      "eval_URL": {
        "f1": 0.9500000000000001,
        "number": 80,
        "precision": 0.95,
        "recall": 0.95
      },
      "eval_Version": {
        "f1": 0.9407665505226481,
        "number": 285,
        "precision": 0.9342560553633218,
        "recall": 0.9473684210526315
      },
      "eval_loss": 0.07217072695493698,
      "eval_overall_accuracy": 0.9817331939233656,
      "eval_overall_f1": 0.8236101578586136,
      "eval_overall_precision": 0.8032128514056225,
      "eval_overall_recall": 0.8450704225352113,
      "eval_runtime": 19.7146,
      "eval_samples_per_second": 29.876,
      "eval_steps_per_second": 7.507,
      "step": 220
    },
    {
      "epoch": 1.3605442176870748,
      "grad_norm": 1.2316430807113647,
      "learning_rate": 3.732144672138867e-05,
      "loss": 0.058,
      "step": 300
    },
    {
      "epoch": 1.8140589569160999,
      "grad_norm": 1.595155954360962,
      "learning_rate": 3.476518324732095e-05,
      "loss": 0.0403,
      "step": 400
    },
    {
      "epoch": 2.0,
      "eval_Abbreviation": {
        "f1": 0.7407407407407408,
        "number": 15,
        "precision": 0.8333333333333334,
        "recall": 0.6666666666666666
      },
      "eval_AlternativeName": {
        "f1": 0.5263157894736842,
        "number": 10,
        "precision": 0.5555555555555556,
        "recall": 0.5
      },
      "eval_Citation": {
        "f1": 0.8387096774193548,
        "number": 130,
        "precision": 0.785234899328859,
        "recall": 0.9
      },
      "eval_Developer": {
        "f1": 0.8765432098765431,
        "number": 155,
        "precision": 0.8402366863905325,
        "recall": 0.9161290322580645
      },
      "eval_Extension": {
        "f1": 0.888888888888889,
        "number": 10,
        "precision": 1.0,
        "recall": 0.8
      },
      "eval_License": {
        "f1": 0.5,
        "number": 9,
        "precision": 0.45454545454545453,
        "recall": 0.5555555555555556
      },
      "eval_Release": {
        "f1": 0.5294117647058824,
        "number": 16,
        "precision": 0.5,
        "recall": 0.5625
      },
      "eval_URL": {
        "f1": 0.9375,
        "number": 80,
        "precision": 0.9375,
        "recall": 0.9375
      },
      "eval_Version": {
        "f1": 0.9566724436741767,
        "number": 285,
        "precision": 0.9452054794520548,
        "recall": 0.968421052631579
      },
      "eval_loss": 0.042057301849126816,
      "eval_overall_accuracy": 0.989175226028661,
      "eval_overall_f1": 0.8875171467764059,
      "eval_overall_precision": 0.8649732620320856,
      "eval_overall_recall": 0.9112676056338028,
      "eval_runtime": 19.907,
      "eval_samples_per_second": 29.588,
      "eval_steps_per_second": 7.435,
      "step": 441
    },
    {
      "epoch": 2.2675736961451247,
      "grad_norm": 0.3689797818660736,
      "learning_rate": 3.2208919773253235e-05,
      "loss": 0.0338,
      "step": 500
    },
    {
      "epoch": 2.7210884353741496,
      "grad_norm": 1.2988183498382568,
      "learning_rate": 2.9652656299185523e-05,
      "loss": 0.018,
      "step": 600
    },
    {
      "epoch": 2.997732426303855,
      "eval_Abbreviation": {
        "f1": 0.65,
        "number": 15,
        "precision": 0.52,
        "recall": 0.8666666666666667
      },
      "eval_AlternativeName": {
        "f1": 0.4210526315789474,
        "number": 10,
        "precision": 0.4444444444444444,
        "recall": 0.4
      },
      "eval_Citation": {
        "f1": 0.8366533864541832,
        "number": 130,
        "precision": 0.8677685950413223,
        "recall": 0.8076923076923077
      },
      "eval_Developer": {
        "f1": 0.8847352024922119,
        "number": 155,
        "precision": 0.8554216867469879,
        "recall": 0.9161290322580645
      },
      "eval_Extension": {
        "f1": 0.7777777777777777,
        "number": 10,
        "precision": 0.875,
        "recall": 0.7
      },
      "eval_License": {
        "f1": 0.7368421052631577,
        "number": 9,
        "precision": 0.7,
        "recall": 0.7777777777777778
      },
      "eval_Release": {
        "f1": 0.787878787878788,
        "number": 16,
        "precision": 0.7647058823529411,
        "recall": 0.8125
      },
      "eval_URL": {
        "f1": 0.9500000000000001,
        "number": 80,
        "precision": 0.95,
        "recall": 0.95
      },
      "eval_Version": {
        "f1": 0.9702276707530647,
        "number": 285,
        "precision": 0.9685314685314685,
        "recall": 0.9719298245614035
      },
      "eval_loss": 0.03910614922642708,
      "eval_overall_accuracy": 0.9901592963896919,
      "eval_overall_f1": 0.8994413407821229,
      "eval_overall_precision": 0.8919667590027701,
      "eval_overall_recall": 0.9070422535211268,
      "eval_runtime": 19.7563,
      "eval_samples_per_second": 29.813,
      "eval_steps_per_second": 7.491,
      "step": 661
    },
    {
      "epoch": 3.1746031746031744,
      "grad_norm": 0.3839446008205414,
      "learning_rate": 2.7096392825117804e-05,
      "loss": 0.0132,
      "step": 700
    },
    {
      "epoch": 3.6281179138321997,
      "grad_norm": 0.3415708541870117,
      "learning_rate": 2.4540129351050086e-05,
      "loss": 0.0095,
      "step": 800
    },
    {
      "epoch": 4.0,
      "eval_Abbreviation": {
        "f1": 0.8275862068965518,
        "number": 15,
        "precision": 0.8571428571428571,
        "recall": 0.8
      },
      "eval_AlternativeName": {
        "f1": 0.0,
        "number": 10,
        "precision": 0.0,
        "recall": 0.0
      },
      "eval_Citation": {
        "f1": 0.8409893992932863,
        "number": 130,
        "precision": 0.7777777777777778,
        "recall": 0.9153846153846154
      },
      "eval_Developer": {
        "f1": 0.8838709677419355,
        "number": 155,
        "precision": 0.8838709677419355,
        "recall": 0.8838709677419355
      },
      "eval_Extension": {
        "f1": 0.9,
        "number": 10,
        "precision": 0.9,
        "recall": 0.9
      },
      "eval_License": {
        "f1": 0.823529411764706,
        "number": 9,
        "precision": 0.875,
        "recall": 0.7777777777777778
      },
      "eval_Release": {
        "f1": 0.7647058823529411,
        "number": 16,