{"best_metric": 0.7032590051457975, "best_model_checkpoint": "../../models/subtask1/2024-07-12_22-55-39/checkpoint-1490", "epoch": 4.98744769874477, "eval_steps": 500, "global_step": 1490, "is_hyper_param_search": false, "is_local_process_zero": true, "is_world_process_zero": true, "log_history": [{"epoch": 0.9974895397489539, "eval_Application_Creation": {"f1": 0.0, "number": 44, "precision": 0.0, "recall": 0.0}, "eval_Application_Deposition": {"f1": 0.0, "number": 25, "precision": 0.0, "recall": 0.0}, "eval_Application_Mention": {"f1": 0.0, "number": 45, "precision": 0.0, "recall": 0.0}, "eval_Application_Usage": {"f1": 0.6027397260273972, "number": 529, "precision": 0.5508607198748043, "recall": 0.665406427221172}, "eval_OperatingSystem_Mention": {"f1": 0.0, "number": 4, "precision": 0.0, "recall": 0.0}, "eval_OperatingSystem_Usage": {"f1": 0.7234042553191489, "number": 30, "precision": 1.0, "recall": 0.5666666666666667}, "eval_PlugIn_Creation": {"f1": 0.0, "number": 12, "precision": 0.0, "recall": 0.0}, "eval_PlugIn_Deposition": {"f1": 0.0, "number": 3, "precision": 0.0, "recall": 0.0}, "eval_PlugIn_Mention": {"f1": 0.0, "number": 7, "precision": 0.0, "recall": 0.0}, "eval_PlugIn_Usage": {"f1": 0.0, "number": 55, "precision": 0.0, "recall": 0.0}, "eval_ProgrammingEnvironment_Mention": {"f1": 0.0, "number": 6, "precision": 0.0, "recall": 0.0}, "eval_ProgrammingEnvironment_Usage": {"f1": 0.6097560975609756, "number": 92, "precision": 0.6944444444444444, "recall": 0.5434782608695652}, "eval_SoftwareCoreference_Deposition": {"f1": 0.0, "number": 12, "precision": 0.0, "recall": 0.0}, "eval_loss": 0.012824065051972866, "eval_overall_accuracy": 0.9974745142613576, "eval_overall_f1": 0.5263819095477387, "eval_overall_precision": 0.5755494505494505, "eval_overall_recall": 0.4849537037037037, "eval_runtime": 31.4489, "eval_samples_per_second": 316.132, "eval_steps_per_second": 39.524, "step": 298}, {"epoch": 1.6736401673640167, "grad_norm": 0.588874876499176, "learning_rate": 1.3288590604026848e-05, "loss": 0.0738, "step": 500}, {"epoch": 1.998326359832636, "eval_Application_Creation": {"f1": 0.3529411764705883, "number": 44, "precision": 0.24770642201834864, "recall": 0.6136363636363636}, "eval_Application_Deposition": {"f1": 0.0, "number": 25, "precision": 0.0, "recall": 0.0}, "eval_Application_Mention": {"f1": 0.03773584905660377, "number": 45, "precision": 0.125, "recall": 0.022222222222222223}, "eval_Application_Usage": {"f1": 0.7319932998324957, "number": 529, "precision": 0.6571428571428571, "recall": 0.8260869565217391}, "eval_OperatingSystem_Mention": {"f1": 0.0, "number": 4, "precision": 0.0, "recall": 0.0}, "eval_OperatingSystem_Usage": {"f1": 0.8253968253968254, "number": 30, "precision": 0.7878787878787878, "recall": 0.8666666666666667}, "eval_PlugIn_Creation": {"f1": 0.0, "number": 12, "precision": 0.0, "recall": 0.0}, "eval_PlugIn_Deposition": {"f1": 0.0, "number": 3, "precision": 0.0, "recall": 0.0}, "eval_PlugIn_Mention": {"f1": 0.0, "number": 7, "precision": 0.0, "recall": 0.0}, "eval_PlugIn_Usage": {"f1": 0.0547945205479452, "number": 55, "precision": 0.1111111111111111, "recall": 0.03636363636363636}, "eval_ProgrammingEnvironment_Mention": {"f1": 0.0, "number": 6, "precision": 0.0, "recall": 0.0}, "eval_ProgrammingEnvironment_Usage": {"f1": 0.736842105263158, "number": 92, "precision": 0.6581196581196581, "recall": 0.8369565217391305}, "eval_SoftwareCoreference_Deposition": {"f1": 0.0, "number": 12, "precision": 0.0, "recall": 0.0}, "eval_loss": 0.008943676948547363, "eval_overall_accuracy": 0.9979078606187618, "eval_overall_f1": 0.6284454244762955, "eval_overall_precision": 0.6, "eval_overall_recall": 0.6597222222222222, "eval_runtime": 29.0438, "eval_samples_per_second": 342.311, "eval_steps_per_second": 42.797, "step": 597}, {"epoch": 2.999163179916318, "eval_Application_Creation": {"f1": 0.46808510638297873, "number": 44, "precision": 0.44, "recall": 0.5}, "eval_Application_Deposition": {"f1": 0.12121212121212122, "number": 25, "precision": 0.25, "recall": 0.08}, "eval_Application_Mention": {"f1": 0.11267605633802817, "number": 45, "precision": 0.15384615384615385, "recall": 0.08888888888888889}, "eval_Application_Usage": {"f1": 0.7274206672091131, "number": 529, "precision": 0.6385714285714286, "recall": 0.8449905482041588}, "eval_OperatingSystem_Mention": {"f1": 0.0, "number": 4, "precision": 0.0, "recall": 0.0}, "eval_OperatingSystem_Usage": {"f1": 0.8695652173913044, "number": 30, "precision": 0.7692307692307693, "recall": 1.0}, "eval_PlugIn_Creation": {"f1": 0.0, "number": 12, "precision": 0.0, "recall": 0.0}, "eval_PlugIn_Deposition": {"f1": 0.0, "number": 3, "precision": 0.0, "recall": 0.0}, "eval_PlugIn_Mention": {"f1": 0.0, "number": 7, "precision": 0.0, "recall": 0.0}, "eval_PlugIn_Usage": {"f1": 0.20800000000000002, "number": 55, "precision": 0.18571428571428572, "recall": 0.23636363636363636}, "eval_ProgrammingEnvironment_Mention": {"f1": 0.0, "number": 6, "precision": 0.0, "recall": 0.0}, "eval_ProgrammingEnvironment_Usage": {"f1": 0.839378238341969, "number": 92, "precision": 0.801980198019802, "recall": 0.8804347826086957}, "eval_SoftwareCoreference_Deposition": {"f1": 0.5, "number": 12, "precision": 1.0, "recall": 0.3333333333333333}, "eval_loss": 0.00818539783358574, "eval_overall_accuracy": 0.9980321812950662, "eval_overall_f1": 0.6476906552094522, "eval_overall_precision": 0.6042084168336673, "eval_overall_recall": 0.6979166666666666, "eval_runtime": 29.3457, "eval_samples_per_second": 338.789, "eval_steps_per_second": 42.357, "step": 896}, {"epoch": 3.3472803347280333, "grad_norm": 0.03478340059518814, "learning_rate": 6.5771812080536925e-06, "loss": 0.0094, "step": 1000}, {"epoch": 4.0, "eval_Application_Creation": {"f1": 0.5945945945945946, "number": 44, "precision": 0.4925373134328358, "recall": 0.75}, "eval_Application_Deposition": {"f1": 0.40909090909090906, "number": 25, "precision": 0.47368421052631576, "recall": 0.36}, "eval_Application_Mention": {"f1": 0.22988505747126436, "number": 45, "precision": 0.23809523809523808, "recall": 0.2222222222222222}, "eval_Application_Usage": {"f1": 0.7556719022687609, "number": 529, "precision": 0.7017828200972447, "recall": 0.8185255198487713}, "eval_OperatingSystem_Mention": {"f1": 0.0, "number": 4, "precision": 0.0, "recall": 0.0}, "eval_OperatingSystem_Usage": {"f1": 0.8787878787878789, "number": 30, "precision": 0.8055555555555556, "recall": 0.9666666666666667}, "eval_PlugIn_Creation": {"f1": 0.0, "number": 12, "precision": 0.0, "recall": 0.0}, "eval_PlugIn_Deposition": {"f1": 0.0, "number": 3, "precision": 0.0, "recall": 0.0}, "eval_PlugIn_Mention": {"f1": 0.0, "number": 7, "precision": 0.0, "recall": 0.0}, "eval_PlugIn_Usage": {"f1": 0.34951456310679613, "number": 55, "precision": 0.375, "recall": 0.32727272727272727}, "eval_ProgrammingEnvironment_Mention": {"f1": 0.0, "number": 6, "precision": 0.0, "recall": 0.0}, "eval_ProgrammingEnvironment_Usage": {"f1": 0.837696335078534, "number": 92, "precision": 0.8080808080808081, "recall": 0.8695652173913043}, "eval_SoftwareCoreference_Deposition": {"f1": 0.5555555555555556, "number": 12, "precision": 0.8333333333333334, "recall": 0.4166666666666667}, "eval_loss": 0.007639013696461916, "eval_overall_accuracy": 0.9982630625510602, "eval_overall_f1": 0.6863181312569521, "eval_overall_precision": 0.6605995717344754, "eval_overall_recall": 0.7141203703703703, "eval_runtime": 28.8667, "eval_samples_per_second": 344.41, "eval_steps_per_second": 43.06, "step": 1195}, {"epoch": 4.98744769874477, "eval_Application_Creation": {"f1": 0.607843137254902, "number": 44, "precision": 0.5344827586206896, "recall": 0.7045454545454546}, "eval_Application_Deposition": {"f1": 0.4999999999999999, "number": 25, "precision": 0.5217391304347826, "recall": 0.48}, "eval_Application_Mention": {"f1": 0.25, "number": 45, "precision": 0.3333333333333333, "recall": 0.2}, "eval_Application_Usage": {"f1": 0.7776777677767778, "number": 529,