{"best_metric": 0.9010989010989011, "best_model_checkpoint": "../../models/subtask2/2024-07-13_00-59-17/checkpoint-216", "epoch": 7.819004524886878, "eval_steps": 500, "global_step": 216, "is_hyper_param_search": false, "is_local_process_zero": true, "is_world_process_zero": true, "log_history": [{"epoch": 0.9773755656108597, "eval_Abbreviation": {"f1": 0.0, "number": 15, "precision": 0.0, "recall": 0.0}, "eval_AlternativeName": {"f1": 0.0, "number": 10, "precision": 0.0, "recall": 0.0}, "eval_Citation": {"f1": 0.7146974063400576, "number": 130, "precision": 0.5714285714285714, "recall": 0.9538461538461539}, "eval_Developer": {"f1": 0.01834862385321101, "number": 155, "precision": 0.031746031746031744, "recall": 0.012903225806451613}, "eval_Extension": {"f1": 0.0, "number": 10, "precision": 0.0, "recall": 0.0}, "eval_License": {"f1": 0.0, "number": 9, "precision": 0.0, "recall": 0.0}, "eval_Release": {"f1": 0.0, "number": 16, "precision": 0.0, "recall": 0.0}, "eval_URL": {"f1": 0.0, "number": 80, "precision": 0.0, "recall": 0.0}, "eval_Version": {"f1": 0.782608695652174, "number": 285, "precision": 0.7232142857142857, "recall": 0.8526315789473684}, "eval_loss": 0.20237043499946594, "eval_overall_accuracy": 0.95928408881235, "eval_overall_f1": 0.5565610859728507, "eval_overall_precision": 0.599025974025974, "eval_overall_recall": 0.5197183098591549, "eval_runtime": 1.5587, "eval_samples_per_second": 377.88, "eval_steps_per_second": 47.476, "step": 27}, {"epoch": 1.990950226244344, "eval_Abbreviation": {"f1": 0.0, "number": 15, "precision": 0.0, "recall": 0.0}, "eval_AlternativeName": {"f1": 0.0, "number": 10, "precision": 0.0, "recall": 0.0}, "eval_Citation": {"f1": 0.8098591549295775, "number": 130, "precision": 0.7467532467532467, "recall": 0.8846153846153846}, "eval_Developer": {"f1": 0.7664670658682635, "number": 155, "precision": 0.7150837988826816, "recall": 0.8258064516129032}, "eval_Extension": {"f1": 0.0, "number": 10, "precision": 0.0, "recall": 0.0}, "eval_License": {"f1": 0.0, "number": 9, "precision": 0.0, "recall": 0.0}, "eval_Release": {"f1": 0.0, "number": 16, "precision": 0.0, "recall": 0.0}, "eval_URL": {"f1": 0.9559748427672956, "number": 80, "precision": 0.9620253164556962, "recall": 0.95}, "eval_Version": {"f1": 0.9149659863945578, "number": 285, "precision": 0.8877887788778878, "recall": 0.9438596491228071}, "eval_loss": 0.08248557150363922, "eval_overall_accuracy": 0.9819177071160587, "eval_overall_f1": 0.8229531140657803, "eval_overall_precision": 0.8178025034770514, "eval_overall_recall": 0.828169014084507, "eval_runtime": 1.5776, "eval_samples_per_second": 373.347, "eval_steps_per_second": 46.906, "step": 55}, {"epoch": 2.9683257918552037, "eval_Abbreviation": {"f1": 0.0, "number": 15, "precision": 0.0, "recall": 0.0}, "eval_AlternativeName": {"f1": 0.26666666666666666, "number": 10, "precision": 0.4, "recall": 0.2}, "eval_Citation": {"f1": 0.8592057761732852, "number": 130, "precision": 0.8095238095238095, "recall": 0.9153846153846154}, "eval_Developer": {"f1": 0.8059701492537312, "number": 155, "precision": 0.75, "recall": 0.8709677419354839}, "eval_Extension": {"f1": 0.0, "number": 10, "precision": 0.0, "recall": 0.0}, "eval_License": {"f1": 0.5882352941176471, "number": 9, "precision": 0.625, "recall": 0.5555555555555556}, "eval_Release": {"f1": 0.45714285714285713, "number": 16, "precision": 0.42105263157894735, "recall": 0.5}, "eval_URL": {"f1": 0.9559748427672956, "number": 80, "precision": 0.9620253164556962, "recall": 0.95}, "eval_Version": {"f1": 0.9337979094076655, "number": 285, "precision": 0.9273356401384083, "recall": 0.9403508771929825}, "eval_loss": 0.05889954790472984, "eval_overall_accuracy": 0.9860385017528753, "eval_overall_f1": 0.8531663187195545, "eval_overall_precision": 0.8431911966987621, "eval_overall_recall": 0.8633802816901408, "eval_runtime": 1.5961, "eval_samples_per_second": 369.036, "eval_steps_per_second": 46.364, "step": 82}, {"epoch": 3.981900452488688, "eval_Abbreviation": {"f1": 0.6153846153846153, "number": 15, "precision": 0.7272727272727273, "recall": 0.5333333333333333}, "eval_AlternativeName": {"f1": 0.47058823529411764, "number": 10, "precision": 0.5714285714285714, "recall": 0.4}, "eval_Citation": {"f1": 0.8731343283582089, "number": 130, "precision": 0.8478260869565217, "recall": 0.9}, "eval_Developer": {"f1": 0.8424242424242423, "number": 155, "precision": 0.7942857142857143, "recall": 0.896774193548387}, "eval_Extension": {"f1": 0.7499999999999999, "number": 10, "precision": 1.0, "recall": 0.6}, "eval_License": {"f1": 0.4444444444444444, "number": 9, "precision": 0.4444444444444444, "recall": 0.4444444444444444}, "eval_Release": {"f1": 0.43902439024390244, "number": 16, "precision": 0.36, "recall": 0.5625}, "eval_URL": {"f1": 0.9559748427672956, "number": 80, "precision": 0.9620253164556962, "recall": 0.95}, "eval_Version": {"f1": 0.9405772495755519, "number": 285, "precision": 0.9111842105263158, "recall": 0.9719298245614035}, "eval_loss": 0.04923436790704727, "eval_overall_accuracy": 0.9884371732578879, "eval_overall_f1": 0.8743169398907105, "eval_overall_precision": 0.8488063660477454, "eval_overall_recall": 0.9014084507042254, "eval_runtime": 1.58, "eval_samples_per_second": 372.789, "eval_steps_per_second": 46.836, "step": 110}, {"epoch": 4.995475113122172, "eval_Abbreviation": {"f1": 0.47619047619047616, "number": 15, "precision": 0.8333333333333334, "recall": 0.3333333333333333}, "eval_AlternativeName": {"f1": 0.3157894736842105, "number": 10, "precision": 0.3333333333333333, "recall": 0.3}, "eval_Citation": {"f1": 0.858267716535433, "number": 130, "precision": 0.8790322580645161, "recall": 0.8384615384615385}, "eval_Developer": {"f1": 0.8838709677419355, "number": 155, "precision": 0.8838709677419355, "recall": 0.8838709677419355}, "eval_Extension": {"f1": 0.7499999999999999, "number": 10, "precision": 1.0, "recall": 0.6}, "eval_License": {"f1": 0.6666666666666666, "number": 9, "precision": 0.6666666666666666, "recall": 0.6666666666666666}, "eval_Release": {"f1": 0.5714285714285714, "number": 16, "precision": 0.5263157894736842, "recall": 0.625}, "eval_URL": {"f1": 0.9500000000000001, "number": 80, "precision": 0.95, "recall": 0.95}, "eval_Version": {"f1": 0.9500860585197936, "number": 285, "precision": 0.9324324324324325, "recall": 0.968421052631579}, "eval_loss": 0.051154907792806625, "eval_overall_accuracy": 0.9884986776554524, "eval_overall_f1": 0.8882602545968883, "eval_overall_precision": 0.8920454545454546, "eval_overall_recall": 0.8845070422535212, "eval_runtime": 1.5332, "eval_samples_per_second": 384.154, "eval_steps_per_second": 48.264, "step": 138}, {"epoch": 5.972850678733032, "eval_Abbreviation": {"f1": 0.6875, "number": 15, "precision": 0.6470588235294118, "recall": 0.7333333333333333}, "eval_AlternativeName": {"f1": 0.4444444444444445, "number": 10, "precision": 0.5, "recall": 0.4}, "eval_Citation": {"f1": 0.8740740740740741, "number": 130, "precision": 0.8428571428571429, "recall": 0.9076923076923077}, "eval_Developer": {"f1": 0.8769716088328076, "number": 155, "precision": 0.8580246913580247, "recall": 0.896774193548387}, "eval_Extension": {"f1": 0.888888888888889, "number": 10, "precision": 1.0, "recall": 0.8}, "eval_License": {"f1": 0.6666666666666666, "number": 9, "precision": 0.6666666666666666, "recall": 0.6666666666666666}, "eval_Release": {"f1": 0.5263157894736842, "number": 16, "precision": 0.45454545454545453, "recall": 0.625}, "eval_URL": {"f1": 0.9440993788819876, "number": 80, "precision": 0.9382716049382716, "recall": 0.95}, "eval_Version": {"f1": 0.9634782608695653, "number": 285, "precision": 0.9551724137931035, "recall": 0.9719298245614035}, "eval_loss": 0.048911042511463165, "eval_overall_accuracy": 0.9893597392213543, "eval_overall_f1": 0.8970283344851416, "eval_overall_precision": 0.8805970149253731, "eval_overall_recall": 0.9140845070422535, "eval_runtime": 1.608, "eval_samples_per_second": 366.302, "eval_steps_per_second": 46.021,