{"learning_rate": 3.2909232016863634e-05, "per_device_train_batch_size": 8, "num_train_epochs": 11, "warmup_ratio": 0.06933406743838712, "weight_decay": 0.029999122889746915}