{"best_metric": 0.8842247799593772, "best_model_checkpoint": "../../models/subtask2/2024-07-13_00-50-38/checkpoint-216", "epoch": 7.819004524886878, "eval_steps": 500, "global_step": 216, "is_hyper_param_search": false, "is_local_process_zero": true, "is_world_process_zero": true, "log_history": [{"epoch": 0.9773755656108597, "eval_Abbreviation": {"f1": 0.0, "number": 15, "precision": 0.0, "recall": 0.0}, "eval_AlternativeName": {"f1": 0.0, "number": 10, "precision": 0.0, "recall": 0.0}, "eval_Citation": {"f1": 0.0, "number": 130, "precision": 0.0, "recall": 0.0}, "eval_Developer": {"f1": 0.0, "number": 155, "precision": 0.0, "recall": 0.0}, "eval_Extension": {"f1": 0.0, "number": 10, "precision": 0.0, "recall": 0.0}, "eval_License": {"f1": 0.0, "number": 9, "precision": 0.0, "recall": 0.0}, "eval_Release": {"f1": 0.0, "number": 16, "precision": 0.0, "recall": 0.0}, "eval_URL": {"f1": 0.0, "number": 80, "precision": 0.0, "recall": 0.0}, "eval_Version": {"f1": 0.061224489795918366, "number": 285, "precision": 1.0, "recall": 0.031578947368421054}, "eval_loss": 0.23928667604923248, "eval_overall_accuracy": 0.9382495848453164, "eval_overall_f1": 0.025034770514603618, "eval_overall_precision": 1.0, "eval_overall_recall": 0.01267605633802817, "eval_runtime": 1.7127, "eval_samples_per_second": 343.9, "eval_steps_per_second": 43.206, "step": 27}, {"epoch": 1.990950226244344, "eval_Abbreviation": {"f1": 0.0, "number": 15, "precision": 0.0, "recall": 0.0}, "eval_AlternativeName": {"f1": 0.0, "number": 10, "precision": 0.0, "recall": 0.0}, "eval_Citation": {"f1": 0.797427652733119, "number": 130, "precision": 0.6850828729281768, "recall": 0.9538461538461539}, "eval_Developer": {"f1": 0.7578347578347578, "number": 155, "precision": 0.6785714285714286, "recall": 0.8580645161290322}, "eval_Extension": {"f1": 0.0, "number": 10, "precision": 0.0, "recall": 0.0}, "eval_License": {"f1": 0.0, "number": 9, "precision": 0.0, "recall": 0.0}, "eval_Release": {"f1": 0.0, "number": 16, "precision": 0.0, "recall": 0.0}, "eval_URL": {"f1": 0.9559748427672956, "number": 80, "precision": 0.9620253164556962, "recall": 0.95}, "eval_Version": {"f1": 0.9028006589785832, "number": 285, "precision": 0.8509316770186336, "recall": 0.9614035087719298}, "eval_loss": 0.08997281640768051, "eval_overall_accuracy": 0.9809951411525925, "eval_overall_f1": 0.8158602150537635, "eval_overall_precision": 0.7802056555269923, "eval_overall_recall": 0.8549295774647887, "eval_runtime": 1.6113, "eval_samples_per_second": 365.552, "eval_steps_per_second": 45.927, "step": 55}, {"epoch": 2.9683257918552037, "eval_Abbreviation": {"f1": 0.0, "number": 15, "precision": 0.0, "recall": 0.0}, "eval_AlternativeName": {"f1": 0.0, "number": 10, "precision": 0.0, "recall": 0.0}, "eval_Citation": {"f1": 0.8026315789473685, "number": 130, "precision": 0.7011494252873564, "recall": 0.9384615384615385}, "eval_Developer": {"f1": 0.8024316109422492, "number": 155, "precision": 0.7586206896551724, "recall": 0.8516129032258064}, "eval_Extension": {"f1": 0.0, "number": 10, "precision": 0.0, "recall": 0.0}, "eval_License": {"f1": 0.14285714285714285, "number": 9, "precision": 0.2, "recall": 0.1111111111111111}, "eval_Release": {"f1": 0.2580645161290323, "number": 16, "precision": 0.26666666666666666, "recall": 0.25}, "eval_URL": {"f1": 0.9559748427672956, "number": 80, "precision": 0.9620253164556962, "recall": 0.95}, "eval_Version": {"f1": 0.9159519725557461, "number": 285, "precision": 0.8959731543624161, "recall": 0.9368421052631579}, "eval_loss": 0.06282611191272736, "eval_overall_accuracy": 0.9830862906697829, "eval_overall_f1": 0.827491408934708, "eval_overall_precision": 0.8080536912751678, "eval_overall_recall": 0.847887323943662, "eval_runtime": 1.6854, "eval_samples_per_second": 349.468, "eval_steps_per_second": 43.906, "step": 82}, {"epoch": 3.981900452488688, "eval_Abbreviation": {"f1": 0.4827586206896552, "number": 15, "precision": 0.5, "recall": 0.4666666666666667}, "eval_AlternativeName": {"f1": 0.47619047619047616, "number": 10, "precision": 0.45454545454545453, "recall": 0.5}, "eval_Citation": {"f1": 0.8581314878892734, "number": 130, "precision": 0.779874213836478, "recall": 0.9538461538461539}, "eval_Developer": {"f1": 0.8520710059171597, "number": 155, "precision": 0.7868852459016393, "recall": 0.9290322580645162}, "eval_Extension": {"f1": 0.0, "number": 10, "precision": 0.0, "recall": 0.0}, "eval_License": {"f1": 0.5555555555555556, "number": 9, "precision": 0.5555555555555556, "recall": 0.5555555555555556}, "eval_Release": {"f1": 0.375, "number": 16, "precision": 0.28125, "recall": 0.5625}, "eval_URL": {"f1": 0.9559748427672956, "number": 80, "precision": 0.9620253164556962, "recall": 0.95}, "eval_Version": {"f1": 0.9369676320272572, "number": 285, "precision": 0.9105960264900662, "recall": 0.9649122807017544}, "eval_loss": 0.051192112267017365, "eval_overall_accuracy": 0.9868380589212129, "eval_overall_f1": 0.8605737158105402, "eval_overall_precision": 0.8174904942965779, "eval_overall_recall": 0.9084507042253521, "eval_runtime": 1.6428, "eval_samples_per_second": 358.541, "eval_steps_per_second": 45.046, "step": 110}, {"epoch": 4.995475113122172, "eval_Abbreviation": {"f1": 0.6206896551724138, "number": 15, "precision": 0.6428571428571429, "recall": 0.6}, "eval_AlternativeName": {"f1": 0.5555555555555556, "number": 10, "precision": 0.625, "recall": 0.5}, "eval_Citation": {"f1": 0.8482490272373542, "number": 130, "precision": 0.8582677165354331, "recall": 0.8384615384615385}, "eval_Developer": {"f1": 0.8509316770186335, "number": 155, "precision": 0.8203592814371258, "recall": 0.8838709677419355}, "eval_Extension": {"f1": 0.6666666666666666, "number": 10, "precision": 1.0, "recall": 0.5}, "eval_License": {"f1": 0.5882352941176471, "number": 9, "precision": 0.625, "recall": 0.5555555555555556}, "eval_Release": {"f1": 0.47368421052631576, "number": 16, "precision": 0.4090909090909091, "recall": 0.5625}, "eval_URL": {"f1": 0.9559748427672956, "number": 80, "precision": 0.9620253164556962, "recall": 0.95}, "eval_Version": {"f1": 0.9464594127806563, "number": 285, "precision": 0.9319727891156463, "recall": 0.9614035087719298}, "eval_loss": 0.049517784267663956, "eval_overall_accuracy": 0.9881296512700658, "eval_overall_f1": 0.8772663877266387, "eval_overall_precision": 0.8687845303867403, "eval_overall_recall": 0.8859154929577465, "eval_runtime": 1.5615, "eval_samples_per_second": 377.202, "eval_steps_per_second": 47.39, "step": 138}, {"epoch": 5.972850678733032, "eval_Abbreviation": {"f1": 0.5806451612903225, "number": 15, "precision": 0.5625, "recall": 0.6}, "eval_AlternativeName": {"f1": 0.5263157894736842, "number": 10, "precision": 0.5555555555555556, "recall": 0.5}, "eval_Citation": {"f1": 0.8300395256916996, "number": 130, "precision": 0.8536585365853658, "recall": 0.8076923076923077}, "eval_Developer": {"f1": 0.89375, "number": 155, "precision": 0.8666666666666667, "recall": 0.9225806451612903}, "eval_Extension": {"f1": 0.7499999999999999, "number": 10, "precision": 1.0, "recall": 0.6}, "eval_License": {"f1": 0.5882352941176471, "number": 9, "precision": 0.625, "recall": 0.5555555555555556}, "eval_Release": {"f1": 0.47368421052631576, "number": 16, "precision": 0.4090909090909091, "recall": 0.5625}, "eval_URL": {"f1": 0.9500000000000001, "number": 80, "precision": 0.95, "recall": 0.95}, "eval_Version": {"f1": 0.9484536082474226, "number": 285, "precision": 0.9292929292929293, "recall": 0.968421052631579}, "eval_loss": 0.04856668785214424, "eval_overall_accuracy": 0.9886216864505812, "eval_overall_f1": 0.8830083565459611, "eval_overall_precision": 0.8732782369146006, "eval_overall_recall": 0.8929577464788733, "eval_runtime": 1.5883, "eval_samples_per_second": 370.838, "eval_steps_per_second": 46.591, "step": 165}, {"epoch": 6.986425339366516, "eval_Abbreviation": {"f1": 0.625, "number": 15, "precision": 0.5882352941176471, "recall": 0.6666666666666666},