{"learning_rate": 3.4761989793610213e-05, "per_device_train_batch_size": 2, "num_train_epochs": 8, "weight_decay": 0.00021383997220875088}