{"learning_rate": 3.106652647102282e-05, "per_device_train_batch_size": 16, "num_train_epochs": 14, "warmup_ratio": 0.010271506016946775, "weight_decay": 0.015974806494799283}